{
  "project_info": {
    "project_number": "263736185035",
    "firebase_url": "https://login-8814d.firebaseio.com",
    "project_id": "login-8814d",
    "storage_bucket": "login-8814d.appspot.com"
  },
  "client": [
    {
      "client_info": {
        "mobilesdk_app_id": "1:263736185035:android:deaae79cdf056ac3",
        "android_client_info": {
          "package_name": "com.firebaseloginapp"
        }
      },
      "oauth_client": [
        {
          "client_id": "263736185035-5kbnsvoesll1q939cpgl30jslk87jjin.apps.googleusercontent.com",
          "client_type": 1,
          "android_info": {
            "package_name": "com.firebaseloginapp",
            "certificate_hash": "6c6f1ee77f5071773dfcae74d970b921facd735e"
          }
        },
        {
          "client_id": "263736185035-gb062e9famur0ijlc4opi4n1q1o7lga1.apps.googleusercontent.com",
          "client_type": 3
        }
      ],
      "api_key": [
        {
          "current_key": "AIzaSyD6EW4LKTK4rOhO2C7UdgPk7WHkbSkH6Y4"
        }
      ],
      "services": {
        "analytics_service": {
          "status": 1
        },
        "appinvite_service": {
          "status": 2,
          "other_platform_oauth_client": [
            {
              "client_id": "263736185035-gb062e9famur0ijlc4opi4n1q1o7lga1.apps.googleusercontent.com",
              "client_type": 3
            }
          ]
        },
        "ads_service": {
          "status": 2
        }
      }
    }
  ],
  "configuration_version": "1"
}